{
    "name": "AzureSynapseAnalyticsTable3",
    "properties": {
        "linkedServiceName": {
            "referenceName": "AzureSynapseAnalytics2",
            "type": "LinkedServiceReference"
        },
        "annotations": [],
        "type": "AzureSqlDWTable",
        "schema": [
            {
                "name": "Account_ID",
                "type": "int",
                "precision": 10
            },
            {
                "name": "account_type",
                "type": "nvarchar"
            },
            {
                "name": "customer_id",
                "type": "int",
                "precision": 10
            },
            {
                "name": "first_name",
                "type": "nvarchar"
            },
            {
                "name": "last_name",
                "type": "nvarchar"
            },
            {
                "name": "address",
                "type": "nvarchar"
            },
            {
                "name": "city",
                "type": "nvarchar"
            },
            {
                "name": "state",
                "type": "nvarchar"
            },
            {
                "name": "zip",
                "type": "nvarchar"
            },
            {
                "name": "balance",
                "type": "int",
                "precision": 10
            },
            {
                "name": "total_balance",
                "type": "bigint",
                "precision": 19
            }
        ],
        "typeProperties": {
            "schema": "dbo",
            "table": "fact_customer"
        }
    },
    "type": "Microsoft.Synapse/workspaces/datasets"
}