{
    "name": "AzureSynapseAnalytics2",
    "type": "Microsoft.Synapse/workspaces/linkedservices",
    "properties": {
        "annotations": [],
        "type": "AzureSqlDW",
        "typeProperties": {
            "server": "vinodsynapse01.sql.azuresynapse.net",
            "database": "DedicatedPool",
            "encrypt": "mandatory",
            "trustServerCertificate": true,
            "authenticationType": "SystemAssignedManagedIdentity"
        },
        "connectVia": {
            "referenceName": "AutoResolveIntegrationRuntime",
            "type": "IntegrationRuntimeReference"
        }
    }
}