{
    "name": "DelimitedText2",
    "properties": {
        "linkedServiceName": {
            "referenceName": "AzureDataLakeStorage1",
            "type": "LinkedServiceReference"
        },
        "annotations": [],
        "type": "DelimitedText",
        "typeProperties": {
            "location": {
                "type": "AzureBlobFSLocation",
                "folderPath": "raw",
                "fileSystem": "bootcamp2"
            },
            "columnDelimiter": ",",
            "escapeChar": "\\",
            "firstRowAsHeader": true,
            "quoteChar": "\""
        },
        "schema": [
            {
                "name": "account_id",
                "type": "String"
            },
            {
                "name": "customer_id",
                "type": "String"
            },
            {
                "name": "account_type",
                "type": "String"
            },
            {
                "name": "balance",
                "type": "String"
            }
        ]
    },
    "type": "Microsoft.Synapse/workspaces/datasets"
}