{
    "name": "DelimitedText1",
    "properties": {
        "linkedServiceName": {
            "referenceName": "AzureBlobStorage1",
            "type": "LinkedServiceReference"
        },
        "annotations": [],
        "type": "DelimitedText",
        "typeProperties": {
            "location": {
                "type": "AzureBlobStorageLocation",
                "folderPath": "Backend_team_data",
                "container": "bootcamp2"
            },
            "columnDelimiter": ",",
            "escapeChar": "\\",
            "firstRowAsHeader": true,
            "quoteChar": "\""
        },
        "schema": [
            {
                "name": "account_id",
                "type": "String"
            },
            {
                "name": "customer_id",
                "type": "String"
            },
            {
                "name": "account_type",
                "type": "String"
            },
            {
                "name": "balance",
                "type": "String"
            }
        ]
    },
    "type": "Microsoft.Synapse/workspaces/datasets"
}