{
    "name": "Parquet3",
    "properties": {
        "linkedServiceName": {
            "referenceName": "AzureDataLakeStorage2",
            "type": "LinkedServiceReference"
        },
        "annotations": [],
        "type": "Parquet",
        "typeProperties": {
            "location": {
                "type": "AzureBlobFSLocation",
                "folderPath": "gold/CustomerAccounts",
                "fileSystem": "bootcamp2"
            },
            "compressionCodec": "snappy"
        },
        "schema": [
            {
                "name": "Account_ID",
                "type": "INT32"
            },
            {
                "name": "Account_Type",
                "type": "UTF8"
            },
            {
                "name": "Customer_ID",
                "type": "INT32"
            },
            {
                "name": "First_Name",
                "type": "UTF8"
            },
            {
                "name": "Last_Name",
                "type": "UTF8"
            },
            {
                "name": "Address",
                "type": "UTF8"
            },
            {
                "name": "City",
                "type": "UTF8"
            },
            {
                "name": "State",
                "type": "UTF8"
            },
            {
                "name": "Zip",
                "type": "UTF8"
            },
            {
                "name": "Balance",
                "type": "INT32"
            },
            {
                "name": "Total_Balance",
                "type": "INT64"
            }
        ]
    },
    "type": "Microsoft.Synapse/workspaces/datasets"
}