{
    "now": "2025-04-03T01:27:57.218Z",
    "perfNow": 15644751.600000024,
    "diagnosticCorrelation": "bd989749-cf22-427e-9f8b-34feaa4abc32",
    "source": "DownloadSupportFiles",
    "environment": {
        "productName": "a365",
        "buildVersion": "25.0303.07",
        "environmentType": 9,
        "resourceName": "vinodsynapse01",
        "resourceRegion": "canadacentral",
        "resourceGroup": "vinodResourceaccount",
        "subscriptionId": "fdb84d3f-d7d4-4158-9dd4-452040a7a21a",
        "sessionId": "KJH7smjb+dr1LnjRT19dmA",
        "operationId": "KdvJA",
        "gitType": "live",
        "loggingKey": "bdee9ffa-c2a4-4e54-9f7a-62d12b60f2ec"
    },
    "additionalInfo": {
        "selectedResource": "Dataflow",
        "selectedResourceType": "dataflow"
    }
}