{
    "now": "2025-04-03T01:25:19.348Z",
    "perfNow": 15486882.200000048,
    "diagnosticCorrelation": "7b745e17-4db4-4e6c-baad-4d722cdadf99",
    "source": "DownloadSupportFiles",
    "environment": {
        "productName": "a365",
        "buildVersion": "25.0303.07",
        "environmentType": 9,
        "resourceName": "vinodsynapse01",
        "resourceRegion": "canadacentral",
        "resourceGroup": "vinodResourceaccount",
        "subscriptionId": "fdb84d3f-d7d4-4158-9dd4-452040a7a21a",
        "sessionId": "KJH7smjb+dr1LnjRT19dmA",
        "operationId": "KdvJA",
        "gitType": "live",
        "loggingKey": "bdee9ffa-c2a4-4e54-9f7a-62d12b60f2ec"
    },
    "additionalInfo": {
        "selectedResource": "bootcamp2",
        "selectedResourceType": "pipeline"
    }
}